ano,mes,semana,sigla_uf,Sexo_Biologico,qtd_populacional,qtd_populacao_internada,qtd_populacao_sedada_respiracaoartificial,qtd_populacao_fez_teste_covid,qtd_populacao_pegou_covid
2020,5,2,AP,Homem,253,0,0,0,0
2020,5,2,AP,Mulher,252,0,0,0,0
2020,5,3,AP,Homem,387,2,0,0,0
2020,5,4,AP,Mulher,405,0,0,0,0
2020,5,1,AP,Mulher,237,0,0,0,0
2020,6,2,AP,Homem,368,0,0,0,0
2020,6,4,AP,Homem,400,0,0,0,0
2020,6,3,AP,Mulher,455,1,1,0,0
2020,7,1,AP,Homem,395,0,0,48,4
2020,7,2,AP,Mulher,380,0,0,52,7
2020,7,4,AP,Homem,381,0,0,30,3
2020,7,4,AP,Mulher,409,0,0,42,4
2020,7,3,AP,Homem,354,0,0,34,6
2020,7,3,AP,Mulher,395,0,0,38,5
2020,8,1,AP,Homem,322,0,0,35,3
2020,8,1,AP,Mulher,335,0,0,45,6
2020,8,2,AP,Homem,336,0,0,42,5
2020,8,4,AP,Homem,368,0,0,32,3
2020,8,3,AP,Homem,352,0,0,36,1
2020,9,1,AP,Homem,303,0,0,40,3
2020,9,1,AP,Mulher,336,0,0,57,10
2020,10,2,AP,Homem,370,0,0,53,4
2020,11,2,AP,Homem,310,0,0,44,4
2020,11,3,AP,Mulher,370,0,0,92,11
2020,11,1,AP,Homem,185,0,0,36,1
2020,11,1,AP,Mulher,195,1,0,38,3
2020,5,3,RR,Homem,585,0,0,0,0
2020,5,3,RR,Mulher,565,0,0,0,0
2020,5,2,RR,Homem,567,1,1,0,0
2020,5,2,RR,Mulher,553,0,0,0,0
2020,5,4,RR,Homem,517,2,0,0,0
2020,5,1,RR,Homem,416,0,0,0,0
2020,5,1,RR,Mulher,442,0,0,0,0
2020,6,3,RR,Homem,615,3,0,0,0
2020,6,2,RR,Homem,690,0,0,0,0
2020,6,4,RR,Homem,594,1,0,0,0
2020,6,1,RR,Mulher,622,0,0,0,0
2020,7,3,RR,Homem,681,1,0,53,9
2020,7,4,RR,Homem,630,0,0,54,3
2020,7,2,RR,Mulher,699,0,0,77,10
2020,8,4,RR,Mulher,693,0,0,82,9
2020,8,2,RR,Homem,715,0,0,83,8
2020,8,2,RR,Mulher,707,1,0,97,9
2020,8,1,RR,Homem,612,1,1,65,10
2020,8,1,RR,Mulher,656,0,0,73,6
2020,9,3,RR,Mulher,684,1,0,101,4
2020,9,2,RR,Mulher,698,0,0,126,14
2020,9,4,RR,Homem,667,0,0,77,8
2020,9,4,RR,Mulher,724,1,0,115,8
2020,9,1,RR,Homem,637,0,0,89,12
2020,9,1,RR,Mulher,674,0,0,98,6
2020,10,3,RR,Mulher,681,0,0,122,6
2020,10,2,RR,Homem,710,0,0,112,13
2020,10,4,RR,Homem,690,0,0,94,8
2020,10,4,RR,Mulher,747,0,0,123,7
2020,10,2,RR,Mulher,710,0,0,130,13
2020,11,2,RR,Homem,716,0,0,112,15
2020,11,2,RR,Mulher,700,1,0,126,11
2020,11,1,RR,Homem,680,0,0,103,9
2020,11,1,RR,Mulher,720,0,0,122,10
2020,5,3,DF,Mulher,834,0,0,0,0
2020,5,1,DF,Mulher,835,1,0,0,0
2020,5,2,DF,Homem,774,0,0,0,0
2020,5,2,DF,Mulher,842,1,0,0,0
2020,6,3,DF,Homem,744,1,1,0,0
2020,6,3,DF,Mulher,866,0,0,0,0
2020,6,4,DF,Homem,821,3,3,0,0
2020,6,1,DF,Homem,739,1,0,0,0
2020,6,1,DF,Mulher,847,1,1,0,0
2020,7,4,DF,Homem,822,0,0,144,16
2020,7,2,DF,Mulher,871,2,0,146,20
2020,7,1,DF,Homem,774,0,0,129,8
2020,8,2,DF,Mulher,863,0,0,178,26
2020,8,1,DF,Homem,747,1,1,151,16
2020,8,1,DF,Mulher,855,1,0,175,16
2020,9,3,DF,Homem,726,0,0,150,20
2020,9,4,DF,Mulher,885,1,1,202,24
2020,9,2,DF,Homem,757,0,0,129,21
2020,9,2,DF,Mulher,836,0,0,194,30
2020,9,1,DF,Homem,725,0,0,176,24
2020,10,4,DF,Homem,834,0,0,184,34
2020,10,2,DF,Homem,784,2,1,159,27
2020,11,2,DF,Homem,813,0,0,186,33
2020,11,2,DF,Mulher,916,0,0,247,45
2020,11,3,DF,Mulher,862,0,0,225,32
2020,11,4,DF,Mulher,932,0,0,216,34
2020,11,1,DF,Mulher,904,3,0,239,31
2020,5,1,RO,Homem,595,0,0,0,0
2020,5,1,RO,Mulher,601,1,0,0,0
2020,5,2,RO,Homem,609,0,0,0,0
2020,5,2,RO,Mulher,614,0,0,0,0
2020,5,3,RO,Homem,660,1,0,0,0
2020,5,4,RO,Mulher,684,1,0,0,0
2020,6,1,RO,Homem,628,1,0,0,0
2020,6,2,RO,Mulher,686,1,0,0,0
2020,6,3,RO,Homem,701,1,0,0,0
2020,7,1,RO,Homem,670,0,0,47,5
2020,7,1,RO,Mulher,679,2,2,50,5
2020,7,3,RO,Mulher,704,0,0,39,5
2020,7,4,RO,Mulher,640,0,0,47,8
2020,8,1,RO,Homem,641,1,0,40,4
2020,8,2,RO,Homem,638,1,0,46,10
2020,8,4,RO,Mulher,630,0,0,62,13
2020,9,1,RO,Mulher,635,1,0,62,12
2020,9,2,RO,Mulher,655,0,0,53,11
2020,9,4,RO,Homem,590,0,0,51,9
2020,10,2,RO,Homem,685,0,0,73,19
2020,10,4,RO,Homem,667,0,0,75,13
2020,10,4,RO,Mulher,730,0,0,93,16
2020,11,1,RO,Homem,754,0,0,103,14
2020,11,2,RO,Homem,757,1,0,78,21
2020,11,3,RO,Homem,730,0,0,91,23
2020,11,4,RO,Mulher,756,2,0,116,21
2020,5,2,TO,Homem,658,0,0,0,0
2020,6,4,TO,Homem,666,1,0,0,0
2020,6,1,TO,Mulher,636,0,0,0,0
2020,6,2,TO,Homem,709,1,0,0,0
2020,6,4,TO,Mulher,673,0,0,0,0
2020,6,3,TO,Homem,599,1,0,0,0
2020,6,3,TO,Mulher,616,2,0,0,0
2020,7,3,TO,Homem,615,0,0,24,1
2020,7,3,TO,Mulher,626,0,0,35,4
2020,7,1,TO,Homem,655,0,0,24,3
2020,7,1,TO,Mulher,617,0,0,26,3
2020,7,2,TO,Homem,706,0,0,40,3
2020,7,2,TO,Mulher,744,0,0,44,2
2020,8,3,TO,Mulher,641,1,0,71,14
2020,8,1,TO,Homem,694,0,0,58,10
2020,8,1,TO,Mulher,645,0,0,58,14
2020,8,3,TO,Homem,622,1,0,59,4
2020,8,2,TO,Homem,693,1,0,56,6
2020,8,4,TO,Mulher,657,1,0,72,11
2020,9,4,TO,Homem,675,0,0,85,9
2020,9,1,TO,Homem,653,1,0,66,11
2020,9,1,TO,Mulher,626,0,0,71,13
2020,9,3,TO,Homem,612,0,0,70,14
2020,9,2,TO,Mulher,683,2,1,86,11
2020,9,4,TO,Mulher,646,0,0,91,14
2020,10,1,TO,Mulher,645,0,0,87,20
2020,11,3,TO,Mulher,622,0,0,81,10
2020,11,3,TO,Homem,621,0,0,77,15
2020,11,2,TO,Homem,646,0,0,79,12
2020,11,4,TO,Mulher,620,2,1,86,16
2020,5,3,RN,Homem,946,1,0,0,0
2020,5,2,RN,Mulher,950,0,0,0,0
2020,5,1,RN,Homem,811,0,0,0,0
2020,5,1,RN,Mulher,879,0,0,0,0
2020,5,4,RN,Homem,1022,0,0,0,0
2020,6,3,RN,Homem,1003,0,0,0,0
2020,6,2,RN,Mulher,1023,0,0,0,0
2020,6,1,RN,Mulher,1033,1,0,0,0
2020,7,2,RN,Mulher,1064,2,1,80,16
2020,7,1,RN,Mulher,1105,0,0,70,8
2020,8,3,RN,Mulher,1109,0,0,108,14
2020,8,3,RN,Homem,1028,1,0,87,10
2020,8,1,RN,Homem,981,1,0,76,3
2020,9,2,RN,Homem,901,2,0,97,13
2020,9,2,RN,Mulher,1020,0,0,112,22
2020,9,1,RN,Homem,918,0,0,96,6
2020,9,1,RN,Mulher,1030,1,0,100,10
2020,10,2,RN,Mulher,973,0,0,123,25
2020,10,4,RN,Homem,961,0,0,121,19
2020,10,4,RN,Mulher,1049,0,0,124,9
2020,10,1,RN,Mulher,1012,0,0,117,11
2020,11,3,RN,Mulher,1022,0,0,131,22
2020,11,3,RN,Homem,925,0,0,104,18
2020,11,2,RN,Homem,861,0,0,113,21
2020,11,2,RN,Mulher,992,0,0,133,25
2020,11,1,RN,Homem,911,0,0,120,12
2020,5,2,AC,Mulher,765,0,0,0,0
2020,5,4,AC,Homem,755,3,0,0,0
2020,5,4,AC,Mulher,791,0,0,0,0
2020,6,2,AC,Homem,794,0,0,0,0
2020,6,1,AC,Mulher,775,0,0,0,0
2020,6,4,AC,Homem,816,0,0,0,0
2020,6,4,AC,Mulher,857,0,0,0,0
2020,6,3,AC,Homem,846,0,0,0,0
2020,7,2,AC,Mulher,822,0,0,63,13
2020,7,1,AC,Mulher,809,0,0,46,15
2020,7,4,AC,Mulher,838,1,0,50,12
2020,7,3,AC,Mulher,937,0,0,60,7
2020,8,2,AC,Homem,753,3,1,50,9
2020,8,2,AC,Mulher,817,0,0,68,7
2020,8,1,AC,Mulher,830,0,0,56,9
2020,8,4,AC,Homem,785,1,1,52,11
2020,8,3,AC,Mulher,898,0,0,77,10
2020,9,1,AC,Homem,783,0,0,51,6
2020,9,1,AC,Mulher,785,0,0,50,12
2020,9,4,AC,Homem,781,0,0,56,12
2020,9,4,AC,Mulher,840,0,0,71,13
2020,9,3,AC,Homem,766,1,0,62,6
2020,10,2,AC,Homem,751,0,0,68,16
2020,10,2,AC,Mulher,812,2,1,79,15
2020,10,1,AC,Homem,767,0,0,59,7
2020,10,1,AC,Mulher,766,0,0,72,14
2020,10,4,AC,Mulher,808,0,0,74,13
2020,10,3,AC,Mulher,864,0,0,92,14
2020,10,3,AC,Homem,790,1,1,72,8
2020,11,2,AC,Homem,751,0,0,75,15
2020,11,4,AC,Homem,704,0,0,55,11
2020,11,3,AC,Mulher,813,0,0,92,15
2020,5,3,PI,Mulher,1051,0,0,0,0
2020,5,4,PI,Homem,943,0,0,0,0
2020,5,4,PI,Mulher,1025,1,1,0,0
2020,5,1,PI,Mulher,863,0,0,0,0
2020,6,2,PI,Homem,986,0,0,0,0
2020,6,4,PI,Homem,1037,0,0,0,0
2020,6,4,PI,Mulher,1121,2,1,0,0
2020,7,4,PI,Homem,1032,1,1,123,4
2020,7,2,PI,Homem,997,0,0,99,4
2020,7,2,PI,Mulher,1067,0,0,127,5
2020,7,1,PI,Mulher,1098,0,0,127,6
2020,8,4,PI,Homem,1025,0,0,159,10
2020,8,3,PI,Mulher,1158,0,0,187,12
2020,8,1,PI,Mulher,1079,0,0,147,8
2020,9,2,PI,Homem,1001,1,0,177,9
2020,9,1,PI,Mulher,1027,0,0,151,11
2020,10,4,PI,Mulher,1086,0,0,218,17
2020,10,3,PI,Mulher,1113,1,0,246,22
2020,11,2,PI,Mulher,1095,1,1,242,17
2020,11,4,PI,Mulher,1142,0,0,244,20
2020,11,1,PI,Homem,946,0,0,193,13
2020,5,2,SE,Mulher,1041,0,0,0,0
2020,5,1,SE,Homem,973,0,0,0,0
2020,5,1,SE,Mulher,1051,0,0,0,0
2020,5,4,SE,Mulher,1151,0,0,0,0
2020,5,3,SE,Mulher,1082,0,0,0,0
2020,6,2,SE,Homem,971,1,1,0,0
2020,6,2,SE,Mulher,1065,0,0,0,0
2020,6,3,SE,Homem,978,0,0,0,0
2020,6,3,SE,Mulher,1083,0,0,0,0
2020,6,1,SE,Mulher,1157,0,0,0,0
2020,6,4,SE,Mulher,1170,0,0,0,0
2020,7,2,SE,Homem,960,0,0,58,10
2020,7,2,SE,Mulher,1043,0,0,56,6
2020,7,3,SE,Homem,953,1,0,54,4
2020,7,1,SE,Homem,988,1,1,33,5
2020,7,1,SE,Mulher,1078,1,1,54,4
2020,8,4,SE,Homem,996,0,0,95,14
2020,8,2,SE,Mulher,1079,0,0,88,16
2020,8,3,SE,Homem,969,0,0,90,12
2020,8,1,SE,Mulher,1094,1,0,89,11
2020,9,4,SE,Homem,999,0,0,111,12
2020,9,2,SE,Homem,971,0,0,114,17
2020,9,2,SE,Mulher,1076,0,0,120,20
2020,9,1,SE,Mulher,1107,0,0,117,15
2020,10,4,SE,Homem,946,0,0,129,12
2020,10,2,SE,Mulher,1044,0,0,119,19
2020,10,3,SE,Homem,905,0,0,128,19
2020,10,1,SE,Homem,979,0,0,107,13
2020,10,1,SE,Mulher,1102,1,0,139,13
2020,11,4,SE,Mulher,1054,1,0,151,25
2020,11,2,SE,Homem,948,0,0,126,21
2020,11,2,SE,Mulher,1042,0,0,137,27
2020,11,3,SE,Mulher,1021,1,0,153,12
2020,5,3,PB,Mulher,1219,0,0,0,0
2020,5,2,PB,Mulher,1080,0,0,0,0
2020,5,3,PB,Homem,1129,0,0,0,0
2020,6,1,PB,Homem,1116,1,1,0,0
2020,6,1,PB,Mulher,1251,1,1,0,0
2020,6,3,PB,Homem,1229,1,0,0,0
2020,7,2,PB,Homem,1103,0,0,72,2
2020,7,2,PB,Mulher,1259,0,0,92,4
2020,7,3,PB,Homem,1203,1,0,82,4
2020,8,1,PB,Homem,1142,0,0,74,5
2020,8,1,PB,Mulher,1277,1,1,113,1
2020,8,2,PB,Homem,1111,1,0,93,6
2020,8,2,PB,Mulher,1261,1,0,131,3
2020,8,3,PB,Mulher,1346,1,0,115,6
2020,9,4,PB,Mulher,1362,1,0,170,4
2020,9,2,PB,Homem,1156,0,0,109,7
2020,9,2,PB,Mulher,1310,1,0,156,3
2020,9,3,PB,Mulher,1341,0,0,155,11
2020,10,4,PB,Homem,1134,0,0,115,8
2020,10,3,PB,Mulher,1305,0,0,177,12
2020,11,1,PB,Mulher,1295,1,0,196,11
2020,11,4,PB,Mulher,1322,0,0,208,8
2020,11,2,PB,Homem,1104,0,0,121,8
2020,5,1,MS,Mulher,1003,0,0,0,0
2020,5,3,MS,Homem,952,0,0,0,0
2020,5,4,MS,Homem,1044,0,0,0,0
2020,5,4,MS,Mulher,1043,0,0,0,0
2020,6,4,MS,Homem,1100,1,0,0,0
2020,6,2,MS,Mulher,1142,0,0,0,0
2020,7,1,MS,Homem,1054,0,0,49,1
2020,7,3,MS,Mulher,1122,1,0,59,6
2020,8,4,MS,Homem,1090,0,0,84,9
2020,8,4,MS,Mulher,1129,0,0,97,11
2020,8,2,MS,Mulher,1190,1,0,96,11
2020,9,3,MS,Homem,1087,0,0,87,13
2020,9,2,MS,Homem,1110,2,0,106,10
2020,9,2,MS,Mulher,1262,1,0,147,14
2020,10,1,MS,Homem,1068,1,1,116,14
2020,10,1,MS,Mulher,1152,1,0,124,20
2020,10,3,MS,Homem,1052,0,0,123,21
2020,10,3,MS,Mulher,1080,0,0,141,22
2020,10,4,MS,Mulher,1059,0,0,147,17
2020,11,1,MS,Homem,1046,0,0,133,15
2020,11,1,MS,Mulher,1100,1,0,144,23
2020,11,4,MS,Homem,1051,2,1,148,18
2020,11,4,MS,Mulher,1102,0,0,178,25
2020,11,2,MS,Homem,1050,3,1,137,20
2020,11,2,MS,Mulher,1182,0,0,183,23
2020,5,4,AM,Homem,1186,3,0,0,0
2020,5,4,AM,Mulher,1300,3,2,0,0
2020,5,1,AM,Mulher,882,0,0,0,0
2020,5,1,AM,Homem,859,1,1,0,0
2020,5,3,AM,Homem,1101,1,1,0,0
2020,5,3,AM,Mulher,1130,4,0,0,0
2020,6,4,AM,Mulher,1321,0,0,0,0
2020,6,2,AM,Mulher,1279,0,0,0,0
2020,6,1,AM,Mulher,1165,1,0,0,0
2020,6,1,AM,Homem,1150,1,1,0,0
2020,6,3,AM,Homem,1218,1,0,0,0
2020,6,3,AM,Mulher,1260,0,0,0,0
2020,7,4,AM,Mulher,1257,0,0,84,8
2020,8,4,AM,Mulher,1386,0,0,145,13
2020,8,2,AM,Mulher,1223,0,0,110,8
2020,8,1,AM,Mulher,1232,1,0,126,8
2020,8,3,AM,Homem,1233,0,0,119,6
2020,9,4,AM,Homem,1281,1,1,114,15
2020,9,1,AM,Mulher,1306,0,0,162,11
2020,9,3,AM,Homem,1309,1,0,146,7
2020,9,3,AM,Mulher,1323,1,0,176,12
2020,10,2,AM,Homem,1312,1,0,168,14
2020,10,2,AM,Mulher,1329,1,0,131,10
2020,10,1,AM,Homem,1244,2,0,135,6
2020,11,4,AM,Homem,1203,0,0,117,18
2020,11,4,AM,Mulher,1299,1,1,168,15
2020,11,2,AM,Homem,1286,0,0,171,14
2020,11,1,AM,Homem,1278,0,0,148,7
2020,11,3,AM,Homem,1309,0,0,174,7
2020,11,3,AM,Mulher,1343,1,0,216,11
2020,5,4,GO,Mulher,1699,2,0,0,0
2020,5,3,GO,Homem,1565,0,0,0,0
2020,5,3,GO,Mulher,1672,2,1,0,0
2020,5,2,GO,Homem,1586,0,0,0,0
2020,5,2,GO,Mulher,1672,0,0,0,0
2020,5,1,GO,Homem,1450,0,0,0,0
2020,6,4,GO,Mulher,1812,2,0,0,0
2020,6,3,GO,Homem,1716,1,0,0,0
2020,6,3,GO,Mulher,1826,1,0,0,0
2020,6,2,GO,Homem,1642,0,0,0,0
2020,6,2,GO,Mulher,1783,1,0,0,0
2020,6,1,GO,Mulher,1650,0,0,0,0
2020,7,4,GO,Homem,1672,1,0,130,17
2020,7,4,GO,Mulher,1817,3,0,163,16
2020,7,1,GO,Homem,1616,2,1,92,8
2020,7,1,GO,Mulher,1692,1,0,106,8
2020,8,4,GO,Homem,1663,1,1,185,26
2020,8,3,GO,Homem,1689,5,1,184,41
2020,8,3,GO,Mulher,1761,4,0,246,45
2020,8,2,GO,Mulher,1809,3,1,207,35
2020,9,4,GO,Homem,1728,0,0,251,47
2020,9,4,GO,Mulher,1862,1,0,307,54
2020,9,2,GO,Homem,1700,3,2,252,45
2020,9,2,GO,Mulher,1826,3,0,309,51
2020,9,1,GO,Homem,1617,2,1,232,33
2020,10,4,GO,Mulher,1823,7,3,341,72
2020,10,3,GO,Homem,1671,1,0,296,62
2020,10,1,GO,Homem,1644,1,0,285,42
2020,11,4,GO,Mulher,1844,0,0,372,67
2020,11,3,GO,Homem,1746,1,1,327,63
2020,11,2,GO,Homem,1691,1,0,347,70
2020,11,2,GO,Mulher,1865,0,0,428,84
2020,11,1,GO,Mulher,1818,3,0,363,62
2020,5,1,PA,Homem,1177,4,1,0,0
2020,5,3,PA,Mulher,1378,3,0,0,0
2020,5,4,PA,Homem,1293,1,0,0,0
2020,5,4,PA,Mulher,1413,2,2,0,0
2020,5,2,PA,Homem,1350,3,1,0,0
2020,6,1,PA,Homem,1348,3,2,0,0
2020,6,3,PA,Homem,1389,2,0,0,0
2020,6,3,PA,Mulher,1416,0,0,0,0
2020,6,2,PA,Homem,1462,2,0,0,0
2020,7,1,PA,Mulher,1362,0,0,99,5
2020,7,3,PA,Homem,1443,0,0,108,3
2020,7,4,PA,Homem,1416,4,1,126,10
2020,7,4,PA,Mulher,1502,0,0,134,12
2020,7,2,PA,Mulher,1474,0,0,97,9
2020,8,1,PA,Homem,1381,1,1,123,10
2020,8,1,PA,Mulher,1463,0,0,119,12
2020,8,3,PA,Mulher,1457,0,0,121,6
2020,8,4,PA,Homem,1473,1,0,122,9
2020,8,4,PA,Mulher,1568,3,1,146,10
2020,9,1,PA,Homem,1376,0,0,140,12
2020,9,3,PA,Mulher,1508,0,0,153,5
2020,9,4,PA,Mulher,1614,2,0,162,7
2020,9,2,PA,Homem,1538,0,0,154,7
2020,10,1,PA,Homem,1404,0,0,149,15
2020,10,1,PA,Mulher,1507,0,0,156,18
2020,10,4,PA,Mulher,1564,0,0,178,8
2020,10,2,PA,Homem,1499,1,0,165,10
2020,11,1,PA,Mulher,1540,0,0,178,21
2020,11,4,PA,Homem,1433,0,0,163,11
2020,11,3,PA,Homem,1468,0,0,169,13
2020,11,3,PA,Mulher,1481,0,0,178,10
2020,11,2,PA,Mulher,1508,1,0,204,7
2020,5,2,AL,Homem,1352,1,0,0,0
2020,5,2,AL,Mulher,1414,0,0,0,0
2020,5,4,AL,Mulher,1458,1,0,0,0
2020,5,3,AL,Mulher,1459,1,1,0,0
2020,5,1,AL,Homem,1105,0,0,0,0
2020,6,4,AL,Mulher,1537,0,0,0,0
2020,6,1,AL,Homem,1410,1,0,0,0
2020,6,1,AL,Mulher,1598,2,1,0,0
2020,7,1,AL,Homem,1451,3,0,68,5
2020,7,3,AL,Homem,1415,0,0,89,3
2020,7,3,AL,Mulher,1595,2,1,121,7
2020,7,4,AL,Mulher,1527,1,0,108,8
2020,8,1,AL,Mulher,1613,1,1,96,11
2020,8,3,AL,Homem,1341,0,0,113,7
2020,8,4,AL,Mulher,1485,1,0,97,5
2020,9,4,AL,Homem,1373,0,0,112,8
2020,9,3,AL,Homem,1356,3,0,136,9
2020,9,4,AL,Mulher,1454,0,0,118,8
2020,10,2,AL,Mulher,1547,0,0,186,17
2020,10,4,AL,Homem,1357,1,0,107,8
2020,10,1,AL,Homem,1345,0,0,97,8
2020,10,3,AL,Mulher,1538,0,0,164,10
2020,10,4,AL,Mulher,1444,1,1,110,6
2020,10,2,AL,Homem,1429,0,0,140,10
2020,11,1,AL,Homem,1373,0,0,106,7
2020,11,3,AL,Homem,1280,2,0,131,8
2020,11,3,AL,Mulher,1473,0,0,159,10
2020,11,4,AL,Mulher,1437,0,0,139,9
2020,11,2,AL,Homem,1432,0,0,139,10
2020,5,1,MT,Homem,1245,0,0,0,0
2020,5,3,MT,Mulher,1297,3,1,0,0
2020,5,4,MT,Mulher,1396,0,0,0,0
2020,6,2,MT,Homem,1414,2,1,0,0
2020,6,3,MT,Homem,1374,1,1,0,0
2020,6,1,MT,Mulher,1448,0,0,0,0
2020,6,4,MT,Mulher,1458,0,0,0,0
2020,7,2,MT,Mulher,1463,3,0,82,9
2020,7,1,MT,Homem,1437,0,0,74,11
2020,7,1,MT,Mulher,1480,2,0,88,10
2020,8,2,MT,Mulher,1518,1,0,121,16
2020,8,3,MT,Homem,1440,0,0,132,16
2020,8,1,MT,Mulher,1499,2,0,107,10
2020,9,2,MT,Mulher,1527,1,0,169,23
2020,9,3,MT,Homem,1405,1,1,163,30
2020,9,1,MT,Mulher,1489,2,2,152,14
2020,9,4,MT,Homem,1404,0,0,157,16
2020,9,4,MT,Mulher,1450,0,0,200,16
2020,10,4,MT,Homem,1328,1,0,172,16
2020,11,3,MT,Mulher,1401,2,1,235,32
2020,11,1,MT,Homem,1434,1,0,211,28
2020,11,4,MT,Homem,1376,1,0,194,25
2020,5,2,BA,Mulher,2163,0,0,0,0
2020,5,1,BA,Homem,1725,0,0,0,0
2020,5,1,BA,Mulher,1931,0,0,0,0
2020,6,2,BA,Homem,2190,1,0,0,0
2020,6,2,BA,Mulher,2389,2,1,0,0
2020,6,4,BA,Homem,2084,4,1,0,0
2020,7,2,BA,Mulher,2333,1,0,118,11
2020,7,1,BA,Mulher,2227,0,0,91,9
2020,7,4,BA,Homem,2000,2,0,135,12
2020,7,3,BA,Mulher,2341,2,2,137,7
2020,8,2,BA,Homem,2054,1,0,129,12
2020,8,2,BA,Mulher,2268,1,0,148,18
2020,8,1,BA,Homem,2003,2,1,168,12
2020,8,1,BA,Mulher,2170,2,0,154,12
2020,8,3,BA,Mulher,2223,0,0,163,13
2020,8,4,BA,Homem,1966,0,0,178,12
2020,9,2,BA,Mulher,2378,0,0,195,21
2020,9,1,BA,Homem,2014,0,0,204,19
2020,9,1,BA,Mulher,2174,1,0,200,15
2020,9,4,BA,Homem,2017,1,0,183,11
2020,9,4,BA,Mulher,2298,1,0,223,21
2020,9,3,BA,Mulher,2351,0,0,229,16
2020,10,2,BA,Mulher,2247,3,1,210,18
2020,10,1,BA,Mulher,2128,3,1,233,21
2020,10,3,BA,Homem,2016,1,0,230,22
2020,10,3,BA,Mulher,2209,0,0,254,18
2020,11,2,BA,Homem,2005,0,0,215,19
2020,11,2,BA,Mulher,2256,0,0,227,25
2020,11,1,BA,Homem,2030,1,0,250,16
2020,5,2,MA,Mulher,1902,0,0,0,0
2020,5,3,MA,Homem,1784,2,0,0,0
2020,5,3,MA,Mulher,1908,0,0,0,0
2020,5,1,MA,Mulher,1747,0,0,0,0
2020,6,3,MA,Homem,2305,3,1,0,0
2020,6,4,MA,Mulher,2427,0,0,0,0
2020,6,2,MA,Homem,2164,2,0,0,0
2020,6,2,MA,Mulher,2392,2,0,0,0
2020,6,1,MA,Homem,1875,3,1,0,0
2020,7,3,MA,Homem,2484,3,1,132,8
2020,7,3,MA,Mulher,2584,2,0,155,6
2020,7,4,MA,Mulher,2530,0,0,196,9
2020,7,4,MA,Homem,2250,1,0,163,7
2020,8,2,MA,Homem,2433,1,0,177,5
2020,8,1,MA,Mulher,2570,2,0,222,13
2020,9,2,MA,Homem,2499,0,0,213,8
2020,9,1,MA,Mulher,2539,1,0,259,12
2020,9,3,MA,Homem,2649,2,1,208,9
2020,9,3,MA,Mulher,2702,1,0,233,10
2020,9,4,MA,Homem,2440,0,0,226,9
2020,10,2,MA,Homem,2496,1,0,243,9
2020,10,2,MA,Mulher,2714,0,0,293,7
2020,10,4,MA,Mulher,2575,1,0,285,8
2020,11,2,MA,Mulher,2694,1,0,301,8
2020,11,1,MA,Homem,2453,1,0,267,10
2020,11,1,MA,Mulher,2654,2,0,318,15
2020,11,3,MA,Homem,2577,0,0,250,12
2020,11,4,MA,Mulher,2627,6,0,291,11
2020,5,2,CE,Mulher,2123,1,0,0,0
2020,5,4,CE,Homem,1971,1,0,0,0
2020,5,4,CE,Mulher,2174,2,0,0,0
2020,5,3,CE,Mulher,2067,1,0,0,0
2020,6,1,CE,Mulher,2083,1,0,0,0
2020,6,4,CE,Homem,2033,0,0,0,0
2020,6,4,CE,Mulher,2220,1,0,0,0
2020,6,3,CE,Homem,2002,1,0,0,0
2020,6,2,CE,Homem,2071,3,1,0,0
2020,7,1,CE,Homem,1919,1,0,99,10
2020,7,1,CE,Mulher,2101,2,1,104,11
2020,7,3,CE,Homem,2088,0,0,126,8
2020,8,1,CE,Homem,2119,3,1,135,11
2020,8,3,CE,Homem,2140,1,0,158,12
2020,9,3,CE,Homem,2091,1,0,201,16
2020,9,3,CE,Mulher,2330,1,1,263,16
2020,9,4,CE,Homem,2022,2,1,208,12
2020,9,4,CE,Mulher,2236,0,0,230,17
2020,9,2,CE,Homem,2177,1,0,166,9
2020,10,1,CE,Homem,2017,0,0,191,19
2020,10,1,CE,Mulher,2213,1,1,218,15
2020,10,3,CE,Homem,1974,0,0,205,19
2020,10,4,CE,Mulher,2129,1,0,243,18
2020,10,2,CE,Homem,2057,0,0,197,14
2020,11,3,CE,Mulher,2166,2,0,290,23
2020,11,4,CE,Homem,1838,1,0,226,23
2020,11,2,CE,Mulher,2187,0,0,277,11
2020,5,4,PE,Homem,1853,2,1,0,0
2020,5,1,PE,Homem,1421,0,0,0,0
2020,5,1,PE,Mulher,1614,0,0,0,0
2020,5,2,PE,Homem,1579,1,1,0,0
2020,5,2,PE,Mulher,1788,0,0,0,0
2020,6,2,PE,Homem,1888,2,1,0,0
2020,6,2,PE,Mulher,2097,3,2,0,0
2020,6,3,PE,Homem,1811,1,1,0,0
2020,6,1,PE,Homem,1758,1,1,0,0
2020,6,1,PE,Mulher,1979,1,1,0,0
2020,7,2,PE,Mulher,2173,2,0,84,6
2020,8,4,PE,Mulher,2250,1,0,113,17
2020,8,2,PE,Homem,1984,1,0,93,7
2020,8,2,PE,Mulher,2238,0,0,119,7
2020,8,1,PE,Homem,1912,0,0,116,13
2020,9,4,PE,Homem,2075,2,0,135,13
2020,9,4,PE,Mulher,2268,4,0,153,19
2020,9,2,PE,Homem,2032,0,0,128,6
2020,9,1,PE,Mulher,2120,2,0,129,9
2020,10,4,PE,Homem,2030,1,1,156,12
2020,10,4,PE,Mulher,2246,0,0,162,18
2020,10,2,PE,Mulher,2275,2,1,188,16
2020,10,3,PE,Homem,1996,0,0,147,17
2020,10,3,PE,Mulher,2243,1,0,196,19
2020,10,1,PE,Homem,1906,0,0,170,17
2020,10,1,PE,Mulher,2143,0,0,162,12
2020,11,2,PE,Homem,2076,2,0,160,10
2020,11,2,PE,Mulher,2305,2,1,223,20
2020,11,1,PE,Homem,1945,2,1,179,21
2020,5,2,RS,Homem,2479,1,0,0,0
2020,5,2,RS,Mulher,2639,1,0,0,0
2020,5,1,RS,Homem,2375,0,0,0,0
2020,5,4,RS,Mulher,2769,3,1,0,0
2020,6,2,RS,Homem,2701,1,1,0,0
2020,6,1,RS,Mulher,2787,3,0,0,0
2020,6,4,RS,Homem,2698,1,1,0,0
2020,7,2,RS,Mulher,2874,3,1,134,7
2020,7,3,RS,Homem,2641,0,0,98,7
2020,7,3,RS,Mulher,2883,2,1,111,5
2020,7,1,RS,Homem,2664,0,0,95,2
2020,7,4,RS,Homem,2740,3,0,110,7
2020,8,2,RS,Homem,2709,1,1,180,8
2020,8,2,RS,Mulher,2916,4,0,216,10
2020,8,3,RS,Homem,2639,3,1,174,14
2020,8,1,RS,Mulher,2925,4,1,216,21
2020,8,4,RS,Homem,2792,2,2,177,13
2020,8,4,RS,Mulher,2967,3,0,234,17
2020,9,3,RS,Homem,2676,0,0,230,17
2020,9,4,RS,Homem,2716,0,0,217,18
2020,9,4,RS,Mulher,2915,1,1,309,23
2020,10,2,RS,Mulher,2914,3,1,365,30
2020,10,1,RS,Homem,2670,2,1,281,29
2020,10,1,RS,Mulher,2865,1,0,340,40
2020,11,2,RS,Mulher,2900,5,2,423,49
2020,11,4,RS,Homem,2658,1,0,314,41
2020,11,4,RS,Mulher,2825,2,1,410,46
2020,5,1,SC,Mulher,2689,0,0,0,0
2020,5,4,SC,Homem,2783,1,0,0,0
2020,5,4,SC,Mulher,2874,0,0,0,0
2020,6,1,SC,Homem,2811,1,1,0,0
2020,6,4,SC,Mulher,2927,0,0,0,0
2020,6,4,SC,Homem,2835,0,0,0,0
2020,6,3,SC,Homem,2885,1,0,0,0
2020,6,3,SC,Mulher,3112,2,1,0,0
2020,7,1,SC,Homem,2768,5,1,97,5
2020,7,4,SC,Homem,2868,2,0,175,22
2020,7,2,SC,Mulher,3013,0,0,137,11
2020,8,1,SC,Homem,2839,3,2,184,15
2020,8,4,SC,Mulher,3073,0,0,240,19
2020,8,2,SC,Mulher,3026,4,1,226,19
2020,9,1,SC,Mulher,3131,1,0,268,22
2020,9,4,SC,Homem,2969,7,1,267,32
2020,9,2,SC,Mulher,3114,0,0,299,28
2020,9,3,SC,Homem,2824,0,0,259,19
2020,10,1,SC,Homem,2852,0,0,262,30
2020,10,1,SC,Mulher,3065,1,0,305,29
2020,10,4,SC,Homem,2898,0,0,289,43
2020,10,3,SC,Homem,2806,1,0,296,26
2020,11,4,SC,Homem,2816,2,1,359,53
2020,11,4,SC,Mulher,2984,0,0,393,57
2020,5,2,ES,Homem,1580,1,0,0,0
2020,5,1,ES,Homem,1484,2,1,0,0
2020,5,3,ES,Homem,1665,2,1,0,0
2020,5,4,ES,Homem,1719,4,0,0,0
2020,6,4,ES,Mulher,1972,2,0,0,0
2020,6,3,ES,Homem,1812,1,0,0,0
2020,7,2,ES,Homem,1770,0,0,99,8
2020,7,2,ES,Mulher,1934,0,0,112,18
2020,7,3,ES,Mulher,1989,2,0,158,31
2020,7,4,ES,Homem,1872,0,0,135,17
2020,8,2,ES,Homem,1893,1,0,140,13
2020,8,4,ES,Homem,1883,2,0,143,21
2020,9,2,ES,Mulher,2049,1,0,185,26
2020,9,3,ES,Homem,1947,0,0,201,33
2020,9,1,ES,Homem,1863,2,0,174,23
2020,10,1,ES,Homem,1866,2,1,214,34
2020,10,3,ES,Homem,1923,1,0,249,36
2020,10,3,ES,Mulher,2088,0,0,278,42
2020,11,2,ES,Homem,1907,2,1,185,25
2020,11,2,ES,Mulher,2051,2,2,247,36
2020,11,4,ES,Mulher,2075,2,0,296,56
2020,11,4,ES,Homem,1895,2,0,224,39
2020,11,1,ES,Homem,1895,0,0,248,42
2020,11,1,ES,Mulher,2010,0,0,259,49
2020,11,3,ES,Mulher,2100,1,0,325,54
2020,5,2,MG,Homem,3869,6,1,0,0
2020,5,3,MG,Mulher,4173,1,0,0,0
2020,5,4,MG,Homem,4111,0,0,0,0
2020,5,1,MG,Homem,3662,3,2,0,0
2020,6,2,MG,Mulher,4631,2,0,0,0
2020,6,3,MG,Mulher,4438,0,0,0,0
2020,6,4,MG,Homem,4249,2,0,0,0
2020,6,3,MG,Homem,4207,2,1,0,0
2020,6,1,MG,Homem,4023,4,1,0,0
2020,7,1,MG,Mulher,4382,1,0,131,3
2020,7,4,MG,Homem,4260,4,0,199,11
2020,7,4,MG,Mulher,4482,4,0,200,12
2020,7,1,MG,Homem,4105,5,0,146,8
2020,8,4,MG,Mulher,4422,2,0,238,25
2020,9,4,MG,Homem,4208,2,0,314,29
2020,9,1,MG,Homem,4109,4,1,256,25
2020,10,2,MG,Homem,4198,4,0,374,31
2020,11,3,MG,Mulher,4380,1,0,429,44
2020,11,4,MG,Homem,4144,2,0,422,42
2020,11,1,MG,Homem,4107,5,1,354,38
2020,11,1,MG,Mulher,4406,2,0,368,34
2020,5,3,RJ,Mulher,3555,1,1,0,0
2020,5,1,RJ,Homem,2804,4,1,0,0
2020,6,2,RJ,Homem,3381,1,1,0,0
2020,6,2,RJ,Mulher,3885,2,2,0,0
2020,6,4,RJ,Homem,3384,0,0,0,0
2020,6,4,RJ,Mulher,3919,1,0,0,0
2020,6,1,RJ,Homem,3241,0,0,0,0
2020,6,1,RJ,Mulher,3738,2,0,0,0
2020,7,2,RJ,Homem,3389,3,1,276,22
2020,7,2,RJ,Mulher,3899,1,0,248,18
2020,7,3,RJ,Homem,3252,1,0,234,10
2020,7,3,RJ,Mulher,3847,2,0,284,29
2020,7,1,RJ,Homem,3302,1,1,213,20
2020,7,1,RJ,Mulher,3860,3,1,237,17
2020,8,2,RJ,Homem,3431,0,0,332,21
2020,8,3,RJ,Mulher,3887,0,0,371,31
2020,9,2,RJ,Mulher,4017,4,1,440,29
2020,9,4,RJ,Homem,3423,2,0,358,22
2020,9,4,RJ,Mulher,3916,0,0,398,18
2020,9,3,RJ,Mulher,3882,1,0,434,42
2020,9,1,RJ,Mulher,3948,0,0,405,34
2020,10,4,RJ,Mulher,3888,0,0,475,32
2020,10,2,RJ,Homem,3440,0,0,447,41
2020,10,2,RJ,Mulher,3997,1,1,488,39
2020,10,3,RJ,Homem,3273,2,0,406,29
2020,11,1,RJ,Mulher,3917,1,0,501,56
2020,11,2,RJ,Homem,3412,0,0,494,45
2020,11,2,RJ,Mulher,3962,1,1,535,46
2020,11,3,RJ,Mulher,3885,0,0,568,76
2020,5,2,PR,Homem,2251,0,0,0,0
2020,5,4,PR,Homem,2281,0,0,0,0
2020,5,4,PR,Mulher,2432,1,0,0,0
2020,5,3,PR,Mulher,2442,2,0,0,0
2020,5,1,PR,Homem,2190,3,0,0,0
2020,5,1,PR,Mulher,2310,1,0,0,0
2020,6,2,PR,Mulher,2638,0,0,0,0
2020,6,4,PR,Mulher,2537,2,0,0,0
2020,6,3,PR,Homem,2485,3,1,0,0
2020,6,1,PR,Homem,2361,4,0,0,0
2020,7,2,PR,Homem,2484,0,0,98,11
2020,7,2,PR,Mulher,2676,0,0,121,7
2020,7,4,PR,Homem,2468,3,2,124,15
2020,7,1,PR,Mulher,2474,0,0,98,8
2020,7,1,PR,Homem,2409,0,0,91,7
2020,8,3,PR,Homem,2480,2,1,177,20
2020,8,1,PR,Homem,2414,1,1,125,9
2020,9,2,PR,Mulher,2724,4,1,238,31
2020,9,3,PR,Homem,2502,0,0,223,25
2020,9,1,PR,Homem,2409,3,1,165,22
2020,9,4,PR,Homem,2363,0,0,203,26
2020,10,4,PR,Homem,2290,1,0,215,24
2020,10,4,PR,Mulher,2459,1,0,248,29
2020,10,3,PR,Mulher,2642,2,0,294,42
2020,10,2,PR,Mulher,2687,0,0,278,36
2020,10,2,PR,Homem,2476,0,0,254,32
2020,11,1,PR,Mulher,2518,1,0,249,39
2020,11,3,PR,Homem,2434,2,0,300,41
2020,11,2,PR,Mulher,2648,2,1,326,60
2020,11,1,PR,Homem,2431,0,0,237,34
2020,5,2,SP,Homem,4108,4,2,0,0
2020,5,2,SP,Mulher,4447,1,0,0,0
2020,5,3,SP,Homem,4014,2,0,0,0
2020,5,4,SP,Homem,4203,2,1,0,0
2020,5,1,SP,Homem,3686,4,4,0,0
2020,6,3,SP,Mulher,4600,1,0,0,0
2020,6,4,SP,Homem,4366,4,1,0,0
2020,6,1,SP,Homem,4057,4,2,0,0
2020,7,3,SP,Homem,4087,5,3,254,31
2020,7,3,SP,Mulher,4488,3,1,318,37
2020,7,1,SP,Homem,4069,1,0,195,14
2020,8,3,SP,Homem,4005,2,0,351,39
2020,8,3,SP,Mulher,4395,3,1,408,49
2020,8,2,SP,Mulher,4526,0,0,387,46
2020,9,3,SP,Mulher,4344,1,1,510,65
2020,9,4,SP,Homem,4060,0,0,463,46
2020,9,4,SP,Mulher,4436,1,0,515,66
2020,10,3,SP,Homem,3859,1,0,480,63
2020,10,3,SP,Mulher,4258,7,3,578,79
2020,10,4,SP,Mulher,4268,1,0,614,78
2020,10,1,SP,Homem,3796,1,0,457,57
2020,11,1,SP,Homem,3744,0,0,514,62
2020,11,1,SP,Mulher,4215,3,0,620,66
2020,11,4,SP,Mulher,4216,1,1,663,84
2020,5,3,AP,Mulher,421,0,0,0,0
2020,5,4,AP,Homem,370,0,0,0,0
2020,5,1,AP,Homem,237,0,0,0,0
2020,6,1,AP,Homem,371,1,0,0,0
2020,6,1,AP,Mulher,362,2,1,0,0
2020,6,2,AP,Mulher,404,0,0,0,0
2020,6,4,AP,Mulher,449,0,0,0,0
2020,6,3,AP,Homem,436,0,0,0,0
2020,7,1,AP,Mulher,384,0,0,45,7
2020,7,2,AP,Homem,357,0,0,31,2
2020,8,2,AP,Mulher,350,0,0,50,4
2020,8,4,AP,Mulher,388,0,0,46,4
2020,8,3,AP,Mulher,379,0,0,55,5
2020,9,2,AP,Homem,360,0,0,49,6
2020,9,2,AP,Mulher,385,0,0,53,4
2020,9,4,AP,Homem,358,0,0,40,2
2020,9,4,AP,Mulher,391,0,0,65,4
2020,9,3,AP,Homem,347,0,0,55,10
2020,9,3,AP,Mulher,367,0,0,85,10
2020,10,1,AP,Homem,339,0,0,50,2
2020,10,1,AP,Mulher,365,0,0,68,7
2020,10,2,AP,Mulher,397,0,0,63,2
2020,10,3,AP,Homem,364,0,0,58,7
2020,10,3,AP,Mulher,391,0,0,88,8
2020,10,4,AP,Homem,64,0,0,3,0
2020,10,4,AP,Mulher,68,0,0,6,1
2020,11,2,AP,Mulher,350,0,0,63,6
2020,11,4,AP,Homem,361,0,0,47,1
2020,11,4,AP,Mulher,373,0,0,73,4
2020,11,3,AP,Homem,328,0,0,63,7
2020,5,4,RR,Mulher,570,3,0,0,0
2020,6,3,RR,Mulher,586,2,0,0,0
2020,6,2,RR,Mulher,665,0,0,0,0
2020,6,4,RR,Mulher,642,3,0,0,0
2020,6,1,RR,Homem,578,1,1,0,0
2020,7,3,RR,Mulher,639,2,1,58,3
2020,7,4,RR,Mulher,687,0,0,68,5
2020,7,2,RR,Homem,717,0,0,60,9
2020,7,1,RR,Mulher,657,1,0,69,7
2020,7,1,RR,Homem,620,4,0,48,6
2020,8,3,RR,Homem,679,0,0,69,6
2020,8,3,RR,Mulher,665,0,0,71,2
2020,8,4,RR,Homem,649,0,0,58,9
2020,9,3,RR,Homem,700,0,0,97,9
2020,9,2,RR,Homem,700,0,0,104,12
2020,10,3,RR,Homem,685,0,0,110,9
2020,10,1,RR,Homem,650,1,0,103,11
2020,10,1,RR,Mulher,703,0,0,114,7
2020,11,3,RR,Homem,693,0,0,111,11
2020,11,3,RR,Mulher,683,0,0,123,7
2020,11,4,RR,Homem,687,0,0,93,8
2020,11,4,RR,Mulher,735,0,0,121,6
2020,5,3,DF,Homem,727,0,0,0,0
2020,5,4,DF,Homem,796,0,0,0,0
2020,5,4,DF,Mulher,892,0,0,0,0
2020,5,1,DF,Homem,734,0,0,0,0
2020,6,4,DF,Mulher,930,0,0,0,0
2020,6,2,DF,Homem,817,1,0,0,0
2020,6,2,DF,Mulher,891,1,0,0,0
2020,7,3,DF,Homem,734,0,0,122,15
2020,7,3,DF,Mulher,834,2,1,140,17
2020,7,4,DF,Mulher,915,1,1,154,21
2020,7,2,DF,Homem,771,0,0,111,9
2020,7,1,DF,Mulher,872,1,1,144,5
2020,8,2,DF,Homem,777,0,0,135,19
2020,8,3,DF,Homem,703,0,0,129,21
2020,8,3,DF,Mulher,811,1,0,140,19
2020,8,4,DF,Homem,783,0,0,148,22
2020,8,4,DF,Mulher,891,0,0,176,26
2020,9,3,DF,Mulher,831,0,0,181,23
2020,9,4,DF,Homem,794,0,0,173,20
2020,9,1,DF,Mulher,832,1,0,198,26
2020,10,3,DF,Homem,731,2,1,166,31
2020,10,3,DF,Mulher,853,1,0,198,29
2020,10,4,DF,Mulher,926,0,0,210,35
2020,10,1,DF,Homem,804,0,0,190,27
2020,10,1,DF,Mulher,913,0,0,219,30
2020,10,2,DF,Mulher,880,1,0,232,36
2020,11,3,DF,Homem,736,0,0,191,30
2020,11,4,DF,Homem,833,0,0,188,28
2020,11,1,DF,Homem,799,1,1,207,31
2020,5,4,RO,Homem,622,0,0,0,0
2020,5,3,RO,Mulher,685,0,0,0,0
2020,6,1,RO,Mulher,648,1,0,0,0
2020,6,4,RO,Homem,610,0,0,0,0
2020,6,2,RO,Homem,677,0,0,0,0
2020,6,3,RO,Mulher,730,0,0,0,0
2020,6,4,RO,Mulher,673,1,0,0,0
2020,7,2,RO,Homem,683,0,0,42,9
2020,7,2,RO,Mulher,701,1,0,42,6
2020,7,3,RO,Homem,685,1,0,38,8
2020,7,4,RO,Homem,590,0,0,39,7
2020,8,1,RO,Mulher,624,0,0,43,4
2020,8,2,RO,Mulher,684,1,1,43,8
2020,8,3,RO,Homem,679,2,0,49,9
2020,8,3,RO,Mulher,692,0,0,63,11
2020,8,4,RO,Homem,594,1,0,48,6
2020,9,1,RO,Homem,624,0,0,61,5
2020,9,2,RO,Homem,632,0,0,58,14
2020,9,3,RO,Homem,690,1,0,56,12
2020,9,3,RO,Mulher,698,0,0,71,17
2020,9,4,RO,Mulher,654,0,0,73,10
2020,10,1,RO,Homem,631,0,0,70,6
2020,10,1,RO,Mulher,621,0,0,75,15
2020,10,2,RO,Mulher,707,0,0,73,16
2020,10,3,RO,Homem,684,1,0,76,16
2020,10,3,RO,Mulher,718,0,0,99,22
2020,11,1,RO,Mulher,760,0,0,98,21
2020,11,4,RO,Homem,701,0,0,102,25
2020,11,2,RO,Mulher,810,0,0,104,22
2020,11,3,RO,Mulher,733,0,0,109,24
2020,5,4,TO,Homem,649,0,0,0,0
2020,5,3,TO,Homem,648,0,0,0,0
2020,5,3,TO,Mulher,660,0,0,0,0
2020,5,1,TO,Homem,641,0,0,0,0
2020,5,1,TO,Mulher,628,0,0,0,0
2020,5,2,TO,Mulher,683,0,0,0,0
2020,5,4,TO,Mulher,625,1,0,0,0
2020,6,1,TO,Homem,694,1,0,0,0
2020,6,2,TO,Mulher,742,1,0,0,0
2020,7,4,TO,Homem,673,2,1,31,3
2020,7,4,TO,Mulher,685,3,1,57,8
2020,8,4,TO,Homem,667,1,0,60,10
2020,8,2,TO,Mulher,740,1,0,70,5
2020,9,3,TO,Mulher,633,2,0,89,18
2020,9,2,TO,Homem,661,1,1,80,10
2020,10,4,TO,Homem,643,0,0,70,6
2020,10,3,TO,Mulher,639,0,0,81,14
2020,10,1,TO,Homem,647,0,0,76,18
2020,10,3,TO,Homem,631,0,0,82,18
2020,10,2,TO,Homem,656,0,0,81,7
2020,10,2,TO,Mulher,684,3,1,92,11
2020,10,4,TO,Mulher,625,0,0,81,12
2020,11,4,TO,Homem,626,0,0,74,9
2020,11,1,TO,Homem,632,0,0,71,15
2020,11,1,TO,Mulher,640,0,0,91,15
2020,11,2,TO,Mulher,680,0,0,94,16
2020,5,3,RN,Mulher,1011,0,0,0,0
2020,5,2,RN,Homem,898,0,0,0,0
2020,5,4,RN,Mulher,1117,0,0,0,0
2020,6,3,RN,Mulher,1071,0,0,0,0
2020,6,2,RN,Homem,953,0,0,0,0
2020,6,1,RN,Homem,950,0,0,0,0
2020,6,4,RN,Homem,1050,0,0,0,0
2020,6,4,RN,Mulher,1152,0,0,0,0
2020,7,3,RN,Mulher,1109,1,1,75,14
2020,7,3,RN,Homem,1028,0,0,74,10
2020,7,2,RN,Homem,966,1,0,73,12
2020,7,1,RN,Homem,1017,0,0,46,1
2020,7,4,RN,Homem,1078,0,0,93,13
2020,7,4,RN,Mulher,1149,0,0,94,10
2020,8,2,RN,Homem,965,1,1,92,14
2020,8,2,RN,Mulher,1059,0,0,100,18
2020,8,4,RN,Homem,1049,0,0,96,11
2020,8,4,RN,Mulher,1137,0,0,96,7
2020,8,1,RN,Mulher,1090,0,0,86,7
2020,9,3,RN,Mulher,1057,0,0,111,15
2020,9,3,RN,Homem,990,0,0,86,10
2020,9,4,RN,Homem,1008,1,0,111,11
2020,9,4,RN,Mulher,1115,0,0,113,8
2020,10,3,RN,Mulher,1031,0,0,110,12
2020,10,3,RN,Homem,953,0,0,87,11
2020,10,2,RN,Homem,869,0,0,95,16
2020,10,1,RN,Homem,890,0,0,102,8
2020,11,4,RN,Homem,960,0,0,127,23
2020,11,4,RN,Mulher,1050,0,0,133,14
2020,11,1,RN,Mulher,1054,2,0,145,15
2020,5,2,AC,Homem,672,0,0,0,0
2020,5,1,AC,Homem,679,0,0,0,0
2020,5,1,AC,Mulher,685,0,0,0,0
2020,5,3,AC,Mulher,831,0,0,0,0
2020,5,3,AC,Homem,748,0,0,0,0
2020,6,2,AC,Mulher,866,1,0,0,0
2020,6,1,AC,Homem,776,0,0,0,0
2020,6,3,AC,Mulher,926,1,1,0,0
2020,7,2,AC,Homem,767,0,0,55,8
2020,7,1,AC,Homem,817,2,1,36,10
2020,7,4,AC,Homem,787,0,0,41,11
2020,7,3,AC,Homem,844,0,0,45,7
2020,8,1,AC,Homem,828,1,1,42,3
2020,8,4,AC,Mulher,836,0,0,72,13
2020,8,3,AC,Homem,830,2,0,54,5
2020,9,2,AC,Homem,767,0,0,60,13
2020,9,2,AC,Mulher,829,0,0,79,12
2020,9,3,AC,Mulher,863,0,0,91,14
2020,10,4,AC,Homem,760,0,0,64,10
2020,11,1,AC,Homem,756,1,0,72,13
2020,11,1,AC,Mulher,762,0,0,81,16
2020,11,2,AC,Mulher,807,0,0,85,16
2020,11,4,AC,Mulher,783,0,0,75,13
2020,11,3,AC,Homem,726,2,0,80,9
2020,5,3,PI,Homem,963,0,0,0,0
2020,5,2,PI,Homem,932,0,0,0,0
2020,5,2,PI,Mulher,980,0,0,0,0
2020,5,1,PI,Homem,802,0,0,0,0
2020,6,3,PI,Homem,1054,1,0,0,0
2020,6,3,PI,Mulher,1169,1,0,0,0
2020,6,2,PI,Mulher,1043,0,0,0,0
2020,6,1,PI,Homem,909,0,0,0,0
2020,6,1,PI,Mulher,1031,0,0,0,0
2020,7,4,PI,Mulher,1116,1,0,120,8
2020,7,3,PI,Homem,1100,0,0,111,7
2020,7,3,PI,Mulher,1221,0,0,159,10
2020,7,1,PI,Homem,976,1,0,96,4
2020,8,4,PI,Mulher,1110,0,0,167,13
2020,8,3,PI,Homem,1035,0,0,158,13
2020,8,2,PI,Homem,1010,1,0,147,10
2020,8,2,PI,Mulher,1097,1,0,177,15
2020,8,1,PI,Homem,971,0,0,127,8
2020,9,4,PI,Homem,1016,0,0,175,15
2020,9,4,PI,Mulher,1111,1,1,199,15
2020,9,3,PI,Homem,1046,1,1,183,17
2020,9,3,PI,Mulher,1194,0,0,235,15
2020,9,2,PI,Mulher,1097,0,0,218,13
2020,9,1,PI,Homem,932,3,1,130,10
2020,10,4,PI,Homem,991,0,0,194,18
2020,10,3,PI,Homem,998,0,0,187,24
2020,10,2,PI,Homem,990,1,0,190,14
2020,10,2,PI,Mulher,1100,0,0,239,16
2020,10,1,PI,Homem,933,2,1,163,13
2020,10,1,PI,Mulher,1022,0,0,187,19
2020,11,3,PI,Homem,1050,0,0,217,22
2020,11,3,PI,Mulher,1157,0,0,266,22
2020,11,2,PI,Homem,994,0,0,196,16
2020,11,4,PI,Homem,1047,0,0,220,27
2020,11,1,PI,Mulher,1049,0,0,221,17
2020,5,2,SE,Homem,947,0,0,0,0
2020,5,4,SE,Homem,1015,0,0,0,0
2020,5,3,SE,Homem,979,0,0,0,0
2020,6,1,SE,Homem,1078,0,0,0,0
2020,6,4,SE,Homem,1017,1,0,0,0
2020,7,4,SE,Homem,992,0,0,72,10
2020,7,3,SE,Mulher,1050,0,0,78,10
2020,7,4,SE,Mulher,1147,0,0,79,14
2020,8,4,SE,Mulher,1113,1,0,116,21
2020,8,2,SE,Homem,976,0,0,89,15
2020,8,3,SE,Mulher,1069,0,0,111,12
2020,8,1,SE,Homem,1023,0,0,67,11
2020,9,4,SE,Mulher,1112,1,1,118,18
2020,9,3,SE,Homem,933,1,0,113,12
2020,9,3,SE,Mulher,1037,0,0,131,11
2020,9,1,SE,Homem,991,1,0,93,13
2020,10,4,SE,Mulher,1048,0,0,134,19
2020,10,2,SE,Homem,941,0,0,118,16
2020,10,3,SE,Mulher,1012,0,0,144,15
2020,11,4,SE,Homem,959,1,0,142,17
2020,11,3,SE,Homem,887,0,0,142,15
2020,11,1,SE,Homem,991,0,0,119,12
2020,11,1,SE,Mulher,1111,0,0,147,15
2020,5,4,PB,Homem,1073,0,0,0,0
2020,5,4,PB,Mulher,1218,0,0,0,0
2020,5,1,PB,Homem,944,0,0,0,0
2020,5,1,PB,Mulher,1008,0,0,0,0
2020,5,2,PB,Homem,988,1,0,0,0
2020,6,4,PB,Homem,1097,0,0,0,0
2020,6,4,PB,Mulher,1303,0,0,0,0
2020,6,3,PB,Mulher,1323,0,0,0,0
2020,6,2,PB,Homem,1115,0,0,0,0
2020,6,2,PB,Mulher,1205,0,0,0,0
2020,7,1,PB,Homem,1171,2,2,63,5
2020,7,1,PB,Mulher,1289,0,0,76,5
2020,7,4,PB,Homem,1170,1,0,99,4
2020,7,4,PB,Mulher,1343,0,0,136,11
2020,7,3,PB,Mulher,1320,0,0,84,4
2020,8,4,PB,Homem,1185,0,0,107,5
2020,8,4,PB,Mulher,1355,2,1,156,7
2020,8,3,PB,Homem,1247,0,0,107,6
2020,9,1,PB,Homem,1168,0,0,95,5
2020,9,1,PB,Mulher,1294,1,0,135,1
2020,9,4,PB,Homem,1170,0,0,108,4
2020,9,3,PB,Homem,1245,0,0,121,8
2020,10,1,PB,Homem,1149,1,0,127,8
2020,10,1,PB,Mulher,1294,0,0,178,9
2020,10,4,PB,Mulher,1304,1,0,188,7
2020,10,2,PB,Homem,1109,0,0,113,6
2020,10,2,PB,Mulher,1253,1,0,168,1
2020,10,3,PB,Homem,1220,0,0,137,8
2020,11,1,PB,Homem,1151,1,0,140,10
2020,11,4,PB,Homem,1147,0,0,144,8
2020,11,2,PB,Mulher,1263,0,0,189,1
2020,11,3,PB,Homem,1238,0,0,156,10
2020,11,3,PB,Mulher,1353,0,0,199,14
2020,5,1,MS,Homem,948,0,0,0,0
2020,5,3,MS,Mulher,1015,1,0,0,0
2020,5,2,MS,Homem,945,0,0,0,0
2020,5,2,MS,Mulher,1035,0,0,0,0
2020,6,1,MS,Homem,1035,0,0,0,0
2020,6,1,MS,Mulher,1094,0,0,0,0
2020,6,3,MS,Homem,1094,1,0,0,0
2020,6,3,MS,Mulher,1124,0,0,0,0
2020,6,4,MS,Mulher,1121,0,0,0,0
2020,6,2,MS,Homem,1065,0,0,0,0
2020,7,1,MS,Mulher,1094,0,0,54,4
2020,7,3,MS,Homem,1081,0,0,39,2
2020,7,4,MS,Homem,1070,1,0,67,10
2020,7,4,MS,Mulher,1092,0,0,79,5
2020,7,2,MS,Homem,1053,2,2,50,3
2020,7,2,MS,Mulher,1147,2,1,45,6
2020,8,1,MS,Homem,1092,1,0,86,3
2020,8,1,MS,Mulher,1157,0,0,72,11
2020,8,3,MS,Homem,1133,1,1,66,6
2020,8,3,MS,Mulher,1163,3,0,100,7
2020,8,2,MS,Homem,1084,1,1,74,7
2020,9,1,MS,Homem,1078,0,0,92,4
2020,9,1,MS,Mulher,1145,1,0,83,14
2020,9,3,MS,Mulher,1154,3,0,120,17
2020,9,4,MS,Homem,1076,0,0,104,14
2020,9,4,MS,Mulher,1135,0,0,131,16
2020,10,4,MS,Homem,1019,0,0,112,12
2020,10,2,MS,Homem,1077,0,0,106,10
2020,10,2,MS,Mulher,1223,0,0,154,9
2020,11,3,MS,Mulher,1086,0,0,160,34
2020,11,3,MS,Homem,1040,1,0,150,36
2020,5,2,AM,Homem,1027,1,0,0,0
2020,5,2,AM,Mulher,1046,2,0,0,0
2020,6,4,AM,Homem,1180,1,0,0,0
2020,6,2,AM,Homem,1262,1,0,0,0
2020,7,4,AM,Homem,1171,0,0,73,7
2020,7,2,AM,Homem,1220,0,0,96,9
2020,7,2,AM,Mulher,1216,1,0,83,4
2020,7,1,AM,Mulher,1158,3,2,92,4
2020,7,1,AM,Homem,1134,2,1,85,0
2020,7,3,AM,Homem,1194,1,0,91,6
2020,7,3,AM,Mulher,1259,0,0,109,6
2020,8,4,AM,Homem,1258,0,0,109,12
2020,8,2,AM,Homem,1210,1,1,118,6
2020,8,1,AM,Homem,1203,0,0,111,2
2020,8,3,AM,Mulher,1268,0,0,132,3
2020,9,4,AM,Mulher,1406,0,0,169,15
2020,9,2,AM,Homem,1330,1,0,165,11
2020,9,2,AM,Mulher,1317,1,0,131,11
2020,9,1,AM,Homem,1275,1,0,141,2
2020,10,4,AM,Homem,1254,0,0,117,17
2020,10,4,AM,Mulher,1375,1,0,175,14
2020,10,1,AM,Mulher,1271,0,0,157,9
2020,10,3,AM,Homem,1337,0,0,167,7
2020,10,3,AM,Mulher,1345,2,0,196,12
2020,11,2,AM,Mulher,1322,0,0,147,10
2020,11,1,AM,Mulher,1301,0,0,161,12
2020,5,4,GO,Homem,1593,4,1,0,0
2020,5,1,GO,Mulher,1523,1,0,0,0
2020,6,4,GO,Homem,1715,0,0,0,0
2020,6,1,GO,Homem,1559,0,0,0,0
2020,7,3,GO,Homem,1684,4,1,116,16
2020,7,3,GO,Mulher,1737,0,0,149,21
2020,7,2,GO,Homem,1609,0,0,126,17
2020,7,2,GO,Mulher,1772,2,0,125,11
2020,8,4,GO,Mulher,1794,7,1,231,34
2020,8,2,GO,Homem,1645,0,0,169,26
2020,8,1,GO,Homem,1623,4,3,145,18
2020,8,1,GO,Mulher,1686,1,0,157,31
2020,9,3,GO,Homem,1726,4,1,265,56
2020,9,3,GO,Mulher,1789,1,0,328,59
2020,9,1,GO,Mulher,1694,1,0,248,42
2020,10,4,GO,Homem,1668,1,0,279,56
2020,10,3,GO,Mulher,1747,1,0,377,83
2020,10,2,GO,Homem,1688,1,0,310,61
2020,10,2,GO,Mulher,1856,1,0,388,72
2020,10,1,GO,Mulher,1743,2,1,302,55
2020,11,4,GO,Homem,1688,6,2,295,54
2020,11,3,GO,Mulher,1845,1,0,414,87
2020,11,1,GO,Homem,1698,0,0,331,50
2020,5,1,PA,Mulher,1247,1,0,0,0
2020,5,3,PA,Homem,1276,2,0,0,0
2020,5,2,PA,Mulher,1373,3,1,0,0
2020,6,1,PA,Mulher,1421,0,0,0,0
2020,6,4,PA,Mulher,1457,1,0,0,0
2020,6,2,PA,Mulher,1497,4,0,0,0
2020,6,4,PA,Homem,1360,0,0,0,0
2020,7,1,PA,Homem,1278,2,0,95,5
2020,7,3,PA,Mulher,1478,1,0,106,2
2020,7,2,PA,Homem,1425,0,0,104,10
2020,8,3,PA,Homem,1425,0,0,126,5
2020,8,2,PA,Homem,1461,2,1,134,7
2020,8,2,PA,Mulher,1477,4,2,143,9
2020,9,1,PA,Mulher,1445,0,0,143,15
2020,9,3,PA,Homem,1492,0,0,148,6
2020,9,2,PA,Mulher,1564,1,0,163,9
2020,9,4,PA,Homem,1509,0,0,149,9
2020,10,4,PA,Homem,1431,1,0,157,11
2020,10,3,PA,Homem,1421,0,0,155,10
2020,10,3,PA,Mulher,1448,0,0,176,7
2020,10,2,PA,Mulher,1566,1,0,183,11
2020,11,1,PA,Homem,1422,3,0,160,18
2020,11,4,PA,Mulher,1599,1,0,193,6
2020,11,2,PA,Homem,1427,3,0,170,10
2020,5,4,AL,Homem,1337,4,1,0,0
2020,5,3,AL,Homem,1281,1,0,0,0
2020,5,1,AL,Mulher,1255,2,0,0,0
2020,6,2,AL,Homem,1517,2,0,0,0
2020,6,2,AL,Mulher,1644,2,1,0,0
2020,6,4,AL,Homem,1421,3,2,0,0
2020,6,3,AL,Homem,1409,2,1,0,0
2020,6,3,AL,Mulher,1565,1,1,0,0
2020,7,2,AL,Mulher,1568,2,0,118,6
2020,7,4,AL,Homem,1403,1,1,116,9
2020,7,1,AL,Mulher,1636,1,0,63,9
2020,7,2,AL,Homem,1471,3,0,82,5
2020,8,2,AL,Mulher,1541,3,1,154,13
2020,8,4,AL,Homem,1373,0,0,100,5
2020,8,1,AL,Homem,1404,1,1,78,9
2020,8,3,AL,Mulher,1528,1,0,137,12
2020,8,2,AL,Homem,1426,2,1,120,8
2020,9,2,AL,Mulher,1548,1,0,170,14
2020,9,1,AL,Homem,1336,1,1,84,8
2020,9,1,AL,Mulher,1513,1,0,119,10
2020,9,3,AL,Mulher,1555,1,0,159,11
2020,9,2,AL,Homem,1415,0,0,124,8
2020,10,1,AL,Mulher,1524,0,0,127,11
2020,10,3,AL,Homem,1313,1,0,120,6
2020,11,2,AL,Mulher,1541,2,0,178,18
2020,11,4,AL,Homem,1326,1,0,125,8
2020,11,1,AL,Mulher,1541,0,0,132,10
2020,5,2,MT,Homem,1339,0,0,0,0
2020,5,2,MT,Mulher,1373,0,0,0,0
2020,5,3,MT,Homem,1256,0,0,0,0
2020,5,4,MT,Homem,1337,0,0,0,0
2020,5,1,MT,Mulher,1299,1,0,0,0
2020,6,2,MT,Mulher,1463,0,0,0,0
2020,6,3,MT,Mulher,1420,1,1,0,0
2020,6,1,MT,Homem,1394,1,0,0,0
2020,6,4,MT,Homem,1432,1,0,0,0
2020,7,2,MT,Homem,1413,2,0,72,6
2020,7,3,MT,Homem,1357,3,1,103,15
2020,7,3,MT,Mulher,1432,0,0,107,12
2020,7,4,MT,Homem,1443,4,2,104,7
2020,7,4,MT,Mulher,1484,4,0,141,10
2020,8,2,MT,Homem,1465,0,0,115,11
2020,8,3,MT,Mulher,1492,2,1,139,16
2020,8,4,MT,Homem,1433,2,1,127,14
2020,8,4,MT,Mulher,1462,1,0,164,13
2020,8,1,MT,Homem,1462,1,1,112,18
2020,9,2,MT,Homem,1455,2,0,154,16
2020,9,3,MT,Mulher,1447,3,3,188,30
2020,9,1,MT,Homem,1461,2,2,148,25
2020,10,3,MT,Homem,1333,1,0,177,23
2020,10,3,MT,Mulher,1371,1,0,199,30
2020,10,1,MT,Homem,1425,0,0,177,30
2020,10,1,MT,Mulher,1449,1,0,201,24
2020,10,4,MT,Mulher,1362,1,0,211,15
2020,10,2,MT,Mulher,1478,1,0,182,23
2020,10,2,MT,Homem,1413,1,0,191,21
2020,11,3,MT,Homem,1353,3,1,219,25
2020,11,2,MT,Homem,1452,1,0,222,21
2020,11,2,MT,Mulher,1501,0,0,217,37
2020,11,1,MT,Mulher,1458,2,0,233,26
2020,11,4,MT,Mulher,1384,1,0,237,18
2020,5,2,BA,Homem,2004,0,0,0,0
2020,5,4,BA,Homem,2142,1,0,0,0
2020,5,4,BA,Mulher,2387,0,0,0,0
2020,5,3,BA,Homem,2063,0,0,0,0
2020,5,3,BA,Mulher,2258,0,0,0,0
2020,6,1,BA,Homem,2122,1,1,0,0
2020,6,1,BA,Mulher,2281,1,1,0,0
2020,6,4,BA,Mulher,2330,1,0,0,0
2020,6,3,BA,Homem,2170,1,0,0,0
2020,6,3,BA,Mulher,2380,2,0,0,0
2020,7,2,BA,Homem,2117,3,2,96,3
2020,7,1,BA,Homem,2065,4,1,99,8
2020,7,4,BA,Mulher,2273,2,0,157,10
2020,7,3,BA,Homem,2156,1,0,129,10
2020,8,3,BA,Homem,2030,2,1,151,15
2020,8,4,BA,Mulher,2203,0,0,202,14
2020,9,2,BA,Homem,2140,2,1,169,12
2020,9,3,BA,Homem,2134,4,1,197,23
2020,10,2,BA,Homem,2019,1,1,189,16
2020,10,1,BA,Homem,1975,2,1,221,18
2020,10,4,BA,Homem,1946,2,0,211,11
2020,10,4,BA,Mulher,2201,0,0,274,23
2020,11,1,BA,Mulher,2185,1,0,263,26
2020,11,4,BA,Homem,2009,1,0,257,22
2020,11,4,BA,Mulher,2259,0,0,295,39
2020,11,3,BA,Homem,2051,0,0,261,36
2020,11,3,BA,Mulher,2268,0,0,278,28
2020,5,2,MA,Homem,1693,3,1,0,0
2020,5,4,MA,Mulher,2072,1,0,0,0
2020,5,1,MA,Homem,1579,0,0,0,0
2020,5,4,MA,Homem,1862,0,0,0,0
2020,6,3,MA,Mulher,2450,2,0,0,0
2020,6,4,MA,Homem,2199,2,0,0,0
2020,6,1,MA,Mulher,2071,0,0,0,0
2020,7,2,MA,Homem,2361,2,0,166,9
2020,7,2,MA,Mulher,2541,0,0,168,9
2020,7,1,MA,Homem,2202,3,0,105,5
2020,7,1,MA,Mulher,2346,0,0,127,8
2020,8,2,MA,Mulher,2653,1,1,202,5
2020,8,1,MA,Homem,2367,3,0,167,8
2020,8,3,MA,Homem,2593,2,0,173,6
2020,8,3,MA,Mulher,2722,2,0,185,7
2020,8,4,MA,Mulher,2620,1,0,208,8
2020,8,4,MA,Homem,2341,0,0,172,3
2020,9,2,MA,Mulher,2744,0,0,255,10
2020,9,1,MA,Homem,2362,2,0,204,9
2020,9,4,MA,Mulher,2724,2,0,263,9
2020,10,1,MA,Homem,2345,1,0,225,11
2020,10,1,MA,Mulher,2570,1,1,279,13
2020,10,3,MA,Homem,2555,0,0,233,9
2020,10,3,MA,Mulher,2592,0,0,260,9
2020,10,4,MA,Homem,2290,1,0,226,6
2020,11,2,MA,Homem,2455,1,1,248,13
2020,11,3,MA,Mulher,2617,1,0,290,9
2020,11,4,MA,Homem,2327,2,1,226,8
2020,5,1,CE,Homem,1792,2,1,0,0
2020,5,1,CE,Mulher,1944,0,0,0,0
2020,5,2,CE,Homem,1918,2,2,0,0
2020,5,3,CE,Homem,1887,0,0,0,0
2020,6,1,CE,Homem,1883,1,0,0,0
2020,6,3,CE,Mulher,2256,1,0,0,0
2020,6,2,CE,Mulher,2280,2,1,0,0
2020,7,3,CE,Mulher,2298,0,0,179,14
2020,7,4,CE,Homem,2052,2,0,129,6
2020,7,4,CE,Mulher,2285,4,1,154,10
2020,7,2,CE,Homem,2034,0,0,102,4
2020,7,2,CE,Mulher,2210,3,2,162,7
2020,8,1,CE,Mulher,2291,1,0,153,7
2020,8,3,CE,Mulher,2350,1,0,214,17
2020,8,4,CE,Homem,2084,2,0,173,8
2020,8,4,CE,Mulher,2268,1,1,201,12
2020,8,2,CE,Homem,2216,0,0,147,4
2020,8,2,CE,Mulher,2404,2,0,196,9
2020,9,1,CE,Homem,2085,2,1,162,14
2020,9,1,CE,Mulher,2245,0,0,182,10
2020,9,2,CE,Mulher,2382,0,0,240,9
2020,10,3,CE,Mulher,2219,3,2,282,21
2020,10,4,CE,Homem,1939,2,0,214,11
2020,10,2,CE,Mulher,2238,2,1,272,12
2020,11,1,CE,Homem,1902,2,1,195,16
2020,11,1,CE,Mulher,2088,1,1,229,15
2020,11,3,CE,Homem,1946,2,0,222,23
2020,11,4,CE,Mulher,2050,2,1,272,28
2020,11,2,CE,Homem,2005,0,0,205,12
2020,5,3,PE,Homem,1691,1,0,0,0
2020,5,3,PE,Mulher,1871,1,0,0,0
2020,5,4,PE,Mulher,2026,1,0,0,0
2020,6,4,PE,Homem,2001,0,0,0,0
2020,6,4,PE,Mulher,2202,1,0,0,0
2020,6,3,PE,Mulher,2026,0,0,0,0
2020,7,4,PE,Homem,2004,1,1,86,9
2020,7,4,PE,Mulher,2217,1,0,91,9
2020,7,2,PE,Homem,1932,2,1,69,4
2020,7,3,PE,Homem,1894,2,0,71,10
2020,7,3,PE,Mulher,2131,3,0,100,10
2020,7,1,PE,Homem,1839,2,0,76,9
2020,7,1,PE,Mulher,2065,1,0,72,3
2020,8,4,PE,Homem,2015,1,0,112,15
2020,8,3,PE,Homem,1885,1,0,116,13
2020,8,3,PE,Mulher,2159,2,1,150,14
2020,8,1,PE,Mulher,2110,1,1,107,9
2020,9,2,PE,Mulher,2263,1,0,163,11
2020,9,3,PE,Homem,1947,0,0,135,13
2020,9,3,PE,Mulher,2221,2,1,171,14
2020,9,1,PE,Homem,1880,0,0,138,12
2020,10,2,PE,Homem,2028,1,1,146,7
2020,11,4,PE,Homem,2084,3,1,189,16
2020,11,4,PE,Mulher,2317,2,0,199,25
2020,11,3,PE,Homem,1985,0,0,190,20
2020,11,3,PE,Mulher,2229,3,1,249,26
2020,11,1,PE,Mulher,2197,0,0,179,16
2020,5,3,RS,Homem,2509,3,2,0,0
2020,5,3,RS,Mulher,2705,0,0,0,0
2020,5,1,RS,Mulher,2461,2,0,0,0
2020,5,4,RS,Homem,2590,1,0,0,0
2020,6,2,RS,Mulher,2888,1,0,0,0
2020,6,3,RS,Homem,2616,2,1,0,0
2020,6,3,RS,Mulher,2825,2,1,0,0
2020,6,1,RS,Homem,2664,3,0,0,0
2020,6,4,RS,Mulher,2882,3,0,0,0
2020,7,2,RS,Homem,2705,2,1,111,7
2020,7,1,RS,Mulher,2856,1,0,125,2
2020,7,4,RS,Mulher,2917,2,0,151,11
2020,8,3,RS,Mulher,2875,4,0,205,10
2020,8,1,RS,Homem,2751,1,1,185,15
2020,9,2,RS,Homem,2720,0,0,253,21
2020,9,2,RS,Mulher,2934,4,1,281,20
2020,9,3,RS,Mulher,2927,1,0,279,18
2020,9,1,RS,Homem,2686,3,1,217,20
2020,9,1,RS,Mulher,2895,5,2,275,29
2020,10,2,RS,Homem,2697,1,0,310,35
2020,10,3,RS,Homem,2574,3,1,272,22
2020,10,3,RS,Mulher,2832,2,0,327,27
2020,10,4,RS,Homem,2672,2,0,266,25
2020,10,4,RS,Mulher,2822,1,0,329,30
2020,11,2,RS,Homem,2692,1,0,362,49
2020,11,3,RS,Homem,2559,3,1,311,39
2020,11,3,RS,Mulher,2824,2,0,385,44
2020,11,1,RS,Homem,2643,1,0,311,34
2020,11,1,RS,Mulher,2830,2,0,379,42
2020,5,1,SC,Homem,2472,1,0,0,0
2020,5,2,SC,Homem,2624,1,1,0,0
2020,5,2,SC,Mulher,2803,0,0,0,0
2020,5,3,SC,Homem,2600,2,0,0,0
2020,5,3,SC,Mulher,2781,3,0,0,0
2020,6,1,SC,Mulher,3054,2,0,0,0
2020,6,2,SC,Homem,2807,3,1,0,0
2020,6,2,SC,Mulher,3017,1,1,0,0
2020,7,1,SC,Mulher,2994,0,0,123,10
2020,7,4,SC,Mulher,3004,1,1,185,15
2020,7,2,SC,Homem,2769,1,0,126,10
2020,7,3,SC,Homem,2831,0,0,131,14
2020,7,3,SC,Mulher,3035,1,0,165,13
2020,8,1,SC,Mulher,3089,4,1,208,16
2020,8,4,SC,Homem,2960,1,0,209,25
2020,8,2,SC,Homem,2791,1,0,178,25
2020,8,3,SC,Homem,2809,0,0,206,18
2020,8,3,SC,Mulher,3048,3,0,228,21
2020,9,1,SC,Homem,2886,2,0,241,22
2020,9,4,SC,Mulher,3102,2,0,304,23
2020,9,2,SC,Homem,2844,0,0,240,26
2020,9,3,SC,Mulher,3078,1,0,292,31
2020,10,4,SC,Mulher,3029,0,0,321,39
2020,10,2,SC,Homem,2816,1,0,253,25
2020,10,2,SC,Mulher,3061,2,0,337,33
2020,10,3,SC,Mulher,3083,2,0,319,37
2020,11,1,SC,Homem,2831,1,0,305,36
2020,11,1,SC,Mulher,3076,0,0,346,35
2020,11,2,SC,Homem,2810,2,0,283,32
2020,11,2,SC,Mulher,3046,4,0,384,49
2020,11,3,SC,Homem,2800,1,0,333,41
2020,11,3,SC,Mulher,3069,1,0,373,54
2020,5,2,ES,Mulher,1730,1,0,0,0
2020,5,1,ES,Mulher,1623,0,0,0,0
2020,5,3,ES,Mulher,1807,1,1,0,0
2020,5,4,ES,Mulher,1874,4,0,0,0
2020,6,2,ES,Homem,1768,1,1,0,0
2020,6,2,ES,Mulher,1911,1,1,0,0
2020,6,1,ES,Homem,1737,3,2,0,0
2020,6,1,ES,Mulher,1832,2,0,0,0
2020,6,3,ES,Mulher,1975,0,0,0,0
2020,6,4,ES,Homem,1821,1,0,0,0
2020,7,4,ES,Mulher,2023,4,1,154,29
2020,7,1,ES,Homem,1771,2,0,122,19
2020,7,1,ES,Mulher,1879,1,1,121,18
2020,7,3,ES,Homem,1841,1,1,137,17
2020,8,2,ES,Mulher,2029,1,0,157,26
2020,8,4,ES,Mulher,2039,3,1,189,30
2020,8,1,ES,Homem,1852,0,0,156,21
2020,8,1,ES,Mulher,1972,1,0,154,23
2020,8,3,ES,Homem,1878,3,1,155,17
2020,8,3,ES,Mulher,2056,1,0,178,27
2020,9,2,ES,Homem,1909,0,0,151,15
2020,9,4,ES,Mulher,2082,0,0,216,34
2020,9,3,ES,Mulher,2092,0,0,219,42
2020,9,4,ES,Homem,1899,0,0,153,21
2020,9,1,ES,Mulher,1978,0,0,183,27
2020,10,2,ES,Homem,1939,1,0,183,21
2020,10,2,ES,Mulher,2063,0,0,223,31
2020,10,4,ES,Mulher,2094,2,1,245,41
2020,10,1,ES,Mulher,1957,1,0,220,35
2020,10,4,ES,Homem,1899,0,0,195,25
2020,11,3,ES,Homem,1930,2,0,267,40
2020,5,2,MG,Mulher,4232,3,0,0,0
2020,5,1,MG,Mulher,3888,2,0,0,0
2020,5,4,MG,Mulher,4278,1,1,0,0
2020,5,3,MG,Homem,3984,0,0,0,0
2020,6,2,MG,Homem,4248,0,0,0,0
2020,6,1,MG,Mulher,4274,1,0,0,0
2020,6,4,MG,Mulher,4471,1,0,0,0
2020,7,3,MG,Mulher,4421,7,1,175,9
2020,7,2,MG,Homem,4268,4,0,157,7
2020,7,2,MG,Mulher,4631,1,1,164,10
2020,7,3,MG,Homem,4270,3,1,191,10
2020,8,3,MG,Mulher,4428,3,1,261,21
2020,8,2,MG,Homem,4236,6,1,230,20
2020,8,1,MG,Mulher,4472,0,0,202,10
2020,8,2,MG,Mulher,4587,3,1,257,12
2020,8,4,MG,Homem,4246,4,1,253,28
2020,8,3,MG,Homem,4236,5,0,267,16
2020,8,1,MG,Homem,4183,3,1,223,23
2020,9,3,MG,Mulher,4412,2,1,325,23
2020,9,2,MG,Homem,4209,3,0,311,24
2020,9,2,MG,Mulher,4558,3,0,323,17
2020,9,4,MG,Mulher,4399,4,1,342,37
2020,9,3,MG,Homem,4245,2,1,339,21
2020,9,1,MG,Mulher,4387,1,0,234,22
2020,10,3,MG,Mulher,4327,1,0,383,35
2020,10,2,MG,Mulher,4565,2,1,401,25
2020,10,4,MG,Homem,4128,3,0,349,33
2020,10,4,MG,Mulher,4366,3,1,423,46
2020,10,3,MG,Homem,4153,3,0,380,31
2020,10,1,MG,Homem,4117,4,1,320,34
2020,10,1,MG,Mulher,4376,1,1,318,29
2020,11,2,MG,Homem,4185,0,0,408,38
2020,11,2,MG,Mulher,4534,2,1,441,37
2020,11,4,MG,Mulher,4371,4,2,499,59
2020,11,3,MG,Homem,4212,2,0,428,33
2020,5,2,RJ,Homem,3050,4,2,0,0
2020,5,2,RJ,Mulher,3506,2,1,0,0
2020,5,4,RJ,Homem,3089,1,1,0,0
2020,5,4,RJ,Mulher,3599,1,1,0,0
2020,5,3,RJ,Homem,3011,4,0,0,0
2020,5,1,RJ,Mulher,3334,1,0,0,0
2020,6,3,RJ,Homem,3201,1,0,0,0
2020,6,3,RJ,Mulher,3787,2,1,0,0
2020,7,4,RJ,Homem,3419,0,0,244,9
2020,7,4,RJ,Mulher,3915,1,0,250,14
2020,8,4,RJ,Homem,3429,0,0,313,13
2020,8,4,RJ,Mulher,3922,1,0,345,17
2020,8,2,RJ,Mulher,3950,0,0,335,18
2020,8,3,RJ,Homem,3301,0,0,267,13
2020,8,1,RJ,Homem,3311,2,1,252,14
2020,8,1,RJ,Mulher,3898,2,0,335,28
2020,9,2,RJ,Homem,3481,3,1,397,30
2020,9,3,RJ,Homem,3301,0,0,335,25
2020,9,1,RJ,Homem,3344,0,0,317,20
2020,10,4,RJ,Homem,3394,2,0,415,30
2020,10,3,RJ,Mulher,3871,0,0,503,48
2020,10,1,RJ,Homem,3295,0,0,365,25
2020,10,1,RJ,Mulher,3870,2,0,445,47
2020,11,4,RJ,Homem,3396,1,0,454,34
2020,11,4,RJ,Mulher,3884,2,1,538,45
2020,11,1,RJ,Homem,3339,1,0,416,32
2020,11,3,RJ,Homem,3270,0,0,467,41
2020,5,2,PR,Mulher,2471,1,0,0,0
2020,5,3,PR,Homem,2287,1,0,0,0
2020,6,2,PR,Homem,2419,0,0,0,0
2020,6,4,PR,Homem,2343,3,1,0,0
2020,6,3,PR,Mulher,2671,0,0,0,0
2020,6,1,PR,Mulher,2407,2,0,0,0
2020,7,4,PR,Mulher,2659,2,0,116,10
2020,7,3,PR,Mulher,2707,2,0,151,8
2020,7,3,PR,Homem,2536,1,0,120,6
2020,8,2,PR,Homem,2491,5,2,162,17
2020,8,2,PR,Mulher,2674,0,0,192,19
2020,8,4,PR,Homem,2393,0,0,151,16
2020,8,4,PR,Mulher,2589,0,0,164,22
2020,8,3,PR,Mulher,2654,2,0,216,26
2020,8,1,PR,Mulher,2520,2,0,125,18
2020,9,2,PR,Homem,2507,1,0,216,29
2020,9,4,PR,Mulher,2548,0,0,201,28
2020,9,3,PR,Mulher,2674,1,0,257,34
2020,9,1,PR,Mulher,2477,4,0,172,27
2020,10,1,PR,Mulher,2497,1,0,224,36
2020,10,3,PR,Homem,2445,0,0,256,29
2020,10,1,PR,Homem,2412,1,0,216,31
2020,11,4,PR,Homem,2298,1,0,279,48
2020,11,4,PR,Mulher,2459,0,0,306,55
2020,11,3,PR,Mulher,2634,1,0,347,60
2020,11,2,PR,Homem,2450,1,0,281,45
2020,5,3,SP,Mulher,4358,2,1,0,0
2020,5,4,SP,Mulher,4494,7,2,0,0
2020,5,1,SP,Mulher,4137,1,0,0,0
2020,6,3,SP,Homem,4188,3,0,0,0
2020,6,4,SP,Mulher,4672,2,0,0,0
2020,6,2,SP,Homem,4329,3,0,0,0
2020,6,2,SP,Mulher,4707,2,0,0,0
2020,6,1,SP,Mulher,4511,1,0,0,0
2020,7,4,SP,Homem,4256,3,2,305,35
2020,7,4,SP,Mulher,4619,3,1,334,40
2020,7,2,SP,Homem,4257,2,0,212,15
2020,7,2,SP,Mulher,4659,5,2,293,32
2020,7,1,SP,Mulher,4585,5,1,264,20
2020,8,4,SP,Homem,4189,2,0,395,42
2020,8,4,SP,Mulher,4489,4,0,467,55
2020,8,1,SP,Homem,3933,3,1,298,32
2020,8,1,SP,Mulher,4412,5,1,370,39
2020,8,2,SP,Homem,4157,3,0,297,25
2020,9,3,SP,Homem,3929,0,0,413,51
2020,9,1,SP,Homem,3831,3,1,362,43
2020,9,1,SP,Mulher,4284,1,1,443,54
2020,9,2,SP,Homem,4122,5,1,379,38
2020,9,2,SP,Mulher,4471,1,1,478,60
2020,10,4,SP,Homem,3895,4,1,543,62
2020,10,1,SP,Mulher,4214,6,3,543,69
2020,10,2,SP,Homem,3900,5,1,440,44
2020,10,2,SP,Mulher,4250,4,2,544,75
2020,11,3,SP,Homem,3753,2,0,508,65
2020,11,3,SP,Mulher,4176,2,0,617,77
2020,11,2,SP,Homem,3922,4,0,536,57
2020,11,2,SP,Mulher,4214,4,1,620,80
2020,11,4,SP,Homem,3864,3,2,588,76